<?xml version="1.0" encoding="UTF-8"?>
<scheduledTasks xmlns="http://xmlns.oracle.com/oim/scheduler">
    <task>
        <name>Extend Non_Emp End Date</name>
        <class>org.sh.custom.nonemp.NonEmpEndDateExtend</class>
        <description>Non Employee End Data Extension</description>
        <retry>5</retry>
        <parameters>
            <string-param required="true" encrypted="false"
                          helpText="Please provide absolute path and CSV file name">Absolute_CSV_File_Path</string-param>
            <string-param required="true" encrypted="false"
                          helpText="Absolute Output File Path for Errors">Absolute_Error_Output_File_Path</string-param>
			<string-param required="true" encrypted="false"
                          helpText="Absolute Output File Path for Errors">Absolute_Archive_Folder_Path</string-param>
            <number-param required="true" encrypted="false"
                          helpText="Total Number of Days should be grater then 1 and less then equal to 365">Days</number-param>
            <boolean-param required="false" encrypted="false"
                           helpText="Extends From User End Date">Extend_From_User_End_Date</boolean-param>
            <boolean-param required="false" encrypted="false"
                           helpText="Extends From System Date">System_Date</boolean-param>
        </parameters>
    </task>
</scheduledTasks>
