<?xml version="1.0" encoding="UTF-8"?>
<scheduledTasks xmlns="http://xmlns.oracle.com/oim/scheduler">
    <task>
        <name>ExtendNonEmpEndDate</name>
        <class>org.sh.custom.nonemp.ExtendNonEmpEndDate</class>
        <description>Non Employee End Data Extension</description>
        <retry>5</retry>
        <parameters>
            <string-param required="false" encrypted="false" helpText="CSV File">cSV_File</string-param>
            <number-param required="false" encrypted="false" helpText="Total Number of Days">days</number-param>
            <boolean-param required="false" encrypted="false" helpText="User End Date">fromUserEndDate</boolean-param>
            <boolean-param required="false" encrypted="false" helpText="System Date">sysDate</boolean-param>
            <string-param required="false" encrypted="false" helpText="Output File Path">outputFilePath</string-param>
        </parameters>
    </task>
</scheduledTasks>
